"Depth","Actinocyclus.curvatulus","Actinocyclus.dimorphus","Actinocyclus.ingens","Actinocyclus.ingens.var..nodus.","Actinocyclus.karstenii.","Actynocyclus.cf..karsteni","Actinocyclus.maccollumii..","Actinocyclus.spp.","Azpeitia.spp.","Chaetoceros.spp...resting.spores.","Chaetoceros.spp.","Cocconeis.spp.","Corethron.criophilum..","Coscinodiscus.spp.","Dactyliosolen.antarcticus.","Denticulopsis.spp..","Eucampia.antarctica.","Fragilariopsis.arcula..","Fragilariopsis.aurica.","Fragilariopsis.barronii..","Fragilariopsis.bohatyi.","Fragilariopsis.curta.","Fragilariopsis.kerguelensis.transitional.form..","Fragilariopsis.praeinterfrigidaria..","Fragilariopsis.interfrigidaria.","Fragilariopsis.ritscheri..","Fragilariopsis.barronii...ritscheri.transtitional.form","Fragilariopsis.clementia.","Fragilariopsis.spp.","Fragilariopsis.sublinearis.","Fragilariopsis.weaveri.","Proboscia.barboi..","Pyxilla.spp..","Rhizosolenia.antennata.var..semispina","Rhizosolenia.antennata.var..antennata","Rhizosolenia.crassa","Rhizosolenia.simplex","Rhizosolenia.sp..B.of.Harwood.and.Maruyama","Rhizosolenia.spp.","Rouxia.antarctica.","Rouxia.diploneides.","Rouxia.isopolica.","Rouxia.naviculoides.","Rouxia.spp.","Shionodiscus.oestrupi...tetraoestrupii.","Stellarima.microtrias.","Stephanopyxis.spp.","Synedropsis.spp.","Synedropsis.cheethamii.","Thalassiosira.complicata","Thalassiosira.fasciculata","Thalassiosira.insigna","Thalassiosira.inura","Thalassiosira.kolbei","Thalassiosira.lentiginosa","Thalassiosira.oliverana.","Thalassiosira.spp.","Thalassiosira.striata","Thalassiosira.torokina.","Thalassiosira.vulnifica","Thalassiothrix.spp."
56.53,0.00543478260869565,0,0.0516304347826087,0,0.160326086956522,0.0516304347826087,0,0,0.0108695652173913,0.0380434782608696,0,0,0,0,0,0.078804347826087,0.0244565217391304,0,0,0,0.0190217391304348,0,0,0,0.00271739130434783,0,0.00543478260869565,0,0.00543478260869565,0.0625,0,0,0,0,0.00271739130434783,0,0.0108695652173913,0,0.016304347826087,0,0,0,0,0.0217391304347826,0.0244565217391304,0,0.0217391304347826,0,0,0,0.0190217391304348,0.160326086956522,0.0760869565217391,0.00543478260869565,0.0298913043478261,0,0,0,0.0679347826086957,0,0.0271739130434783
56.72,0.0126984126984127,0,0.019047619047619,0,0.0698412698412698,0.0380952380952381,0,0.00634920634920635,0,0.0380952380952381,0,0,0,0,0,0.0380952380952381,0.053968253968254,0,0,0,0,0.00317460317460317,0.00634920634920635,0,0,0,0,0,0,0.0666666666666667,0.0253968253968254,0.019047619047619,0,0,0,0,0.019047619047619,0.019047619047619,0,0,0,0,0,0,0,0.0253968253968254,0.0253968253968254,0,0,0,0.0317460317460317,0.228571428571429,0.114285714285714,0.019047619047619,0,0.0380952380952381,0,0,0.0571428571428571,0,0.0253968253968254
56.91,0,0,0.026578073089701,0,0.079734219269103,0.0299003322259136,0,0.00996677740863787,0.00332225913621262,0.0332225913621262,0,0,0,0,0,0.053156146179402,0.0132890365448505,0,0,0,0.0132890365448505,0,0.00332225913621262,0,0,0,0.00996677740863787,0,0,0.0664451827242525,0.00332225913621262,0,0,0,0,0,0.0132890365448505,0.0199335548172757,0,0.00332225913621262,0,0.00664451827242525,0,0.0465116279069767,0.0132890365448505,0.0166112956810631,0.026578073089701,0,0,0,0.0166112956810631,0.272425249169435,0.0996677740863787,0.0132890365448505,0.0132890365448505,0.0132890365448505,0.0132890365448505,0,0.026578073089701,0,0.0398671096345515
57.1,0,0,0.0266666666666667,0,0.0866666666666667,0.0266666666666667,0,0.00666666666666667,0.02,0.0533333333333333,0,0,0,0,0,0.0533333333333333,0.0266666666666667,0,0.0266666666666667,0,0.0133333333333333,0,0,0,0,0.0333333333333333,0.02,0.0133333333333333,0.0266666666666667,0.06,0.00333333333333333,0,0,0,0,0,0.0133333333333333,0,0,0.00333333333333333,0,0,0,0.0133333333333333,0.00666666666666667,0.00333333333333333,0.0133333333333333,0,0,0,0.00666666666666667,0.24,0.08,0,0.00333333333333333,0.0266666666666667,0.0133333333333333,0,0.04,0,0.04
57.19,0,0,0.0124223602484472,0,0.0745341614906832,0.0186335403726708,0,0.0062111801242236,0.0434782608695652,0.0559006211180124,0,0.0062111801242236,0.0031055900621118,0,0.0062111801242236,0.0217391304347826,0.0217391304347826,0,0,0,0.0062111801242236,0.0031055900621118,0.0031055900621118,0,0,0.0093167701863354,0.0341614906832298,0,0.0031055900621118,0.031055900621118,0.015527950310559,0,0,0,0,0,0.0186335403726708,0.0124223602484472,0,0.015527950310559,0,0.0062111801242236,0,0.0434782608695652,0.0186335403726708,0.0062111801242236,0.0062111801242236,0.0031055900621118,0,0,0.0341614906832298,0.263975155279503,0.0714285714285714,0.0124223602484472,0.0186335403726708,0.0279503105590062,0.0217391304347826,0,0.0186335403726708,0,0.0248447204968944
57.38,0,0,0.0129449838187702,0,0.0647249190938511,0.0194174757281553,0,0.0194174757281553,0.0485436893203883,0.0614886731391586,0,0,0,0,0,0.0323624595469256,0.0161812297734628,0.00970873786407767,0,0.00970873786407767,0,0,0,0.00323624595469256,0,0,0,0.0129449838187702,0.0161812297734628,0.0517799352750809,0.0194174757281553,0,0,0,0,0,0.00647249190938511,0.00647249190938511,0.0129449838187702,0.0194174757281553,0,0.00323624595469256,0,0.00970873786407767,0.0258899676375405,0.0129449838187702,0.0129449838187702,0.00970873786407767,0,0,0.029126213592233,0.177993527508091,0.197411003236246,0,0.0161812297734628,0,0.0129449838187702,0,0.0258899676375405,0,0.0226537216828479
57.47,0,0,0.0328947368421053,0,0.0855263157894737,0.0888157894736842,0,0,0,0.0131578947368421,0,0,0,0,0,0.00986842105263158,0.0164473684210526,0,0,0.00328947368421053,0.0197368421052632,0,0,0,0.0164473684210526,0,0,0,0.00986842105263158,0.0394736842105263,0.00986842105263158,0,0,0,0,0,0,0,0,0.00328947368421053,0,0.00657894736842105,0,0.0131578947368421,0.00986842105263158,0,0.0131578947368421,0,0,0,0.0427631578947368,0.210526315789474,0.207236842105263,0,0.0328947368421053,0.0328947368421053,0.0164473684210526,0,0.0328947368421053,0,0.0328947368421053
57.57,0.0191082802547771,0,0.0254777070063694,0,0.0764331210191083,0.130573248407643,0,0.00636942675159236,0.0191082802547771,0.0254777070063694,0,0,0,0,0,0.0191082802547771,0.0159235668789809,0,0,0,0.00636942675159236,0.00318471337579618,0,0.00955414012738853,0,0.00955414012738853,0,0,0.0159235668789809,0.0286624203821656,0.0254777070063694,0,0,0,0,0,0.00636942675159236,0,0.0127388535031847,0.00636942675159236,0,0,0.00955414012738853,0.0127388535031847,0.0254777070063694,0.0222929936305732,0.0159235668789809,0,0,0,0.0445859872611465,0.232484076433121,0.124203821656051,0.00636942675159236,0.00318471337579618,0.0127388535031847,0,0,0.0127388535031847,0,0.0159235668789809
57.66,0,0,0.0227272727272727,0,0.0779220779220779,0.00974025974025974,0,0.0162337662337662,0.0162337662337662,0.038961038961039,0,0,0,0,0,0.0357142857142857,0.0194805194805195,0,0,0.0194805194805195,0.012987012987013,0,0,0,0,0.0162337662337662,0,0,0.0194805194805195,0.0519480519480519,0.0292207792207792,0,0,0,0,0,0.012987012987013,0.0162337662337662,0,0.012987012987013,0,0,0,0.0292207792207792,0.0357142857142857,0.0292207792207792,0.00649350649350649,0,0.00649350649350649,0,0.0162337662337662,0.207792207792208,0.123376623376623,0.012987012987013,0,0.00974025974025974,0.0194805194805195,0,0.0227272727272727,0,0.0519480519480519
57.85,0,0,0.0333333333333333,0,0.113333333333333,0.0133333333333333,0,0.03,0.0166666666666667,0.0333333333333333,0,0,0,0,0.00333333333333333,0.02,0.0266666666666667,0.00666666666666667,0,0,0.0133333333333333,0,0,0,0,0.02,0.00666666666666667,0,0.0266666666666667,0.04,0,0,0,0,0,0,0.00666666666666667,0.0133333333333333,0.00666666666666667,0.0266666666666667,0,0,0,0.00333333333333333,0.0333333333333333,0.0133333333333333,0.00666666666666667,0,0,0,0.0166666666666667,0.226666666666667,0.133333333333333,0.00666666666666667,0.0133333333333333,0.01,0.02,0,0.0266666666666667,0,0.0333333333333333
58.14,0,0,0.0364741641337386,0,0.130699088145897,0,0,0,0,0.0547112462006079,0,0,0,0,0,0.00911854103343465,0.0182370820668693,0,0,0,0.00911854103343465,0.0060790273556231,0,0,0,0.0395136778115502,0,0.0182370820668693,0,0.0455927051671733,0,0,0,0,0,0,0.0212765957446809,0,0,0.0668693009118541,0,0.0121580547112462,0,0,0.0364741641337386,0.0212765957446809,0,0,0,0,0.0303951367781155,0.212765957446809,0.127659574468085,0,0,0.0182370820668693,0.00911854103343465,0,0.0516717325227964,0,0.0243161094224924
58.42,0,0,0,0,0.119601328903654,0,0,0,0.0431893687707641,0.0332225913621262,0,0,0,0,0,0.079734219269103,0.0232558139534884,0,0.00996677740863787,0.00664451827242525,0.00332225913621262,0,0,0,0,0.00332225913621262,0,0,0,0.0498338870431894,0.0166112956810631,0,0,0,0,0,0.0132890365448505,0,0.00664451827242525,0.0132890365448505,0,0,0,0.00664451827242525,0.0431893687707641,0,0,0,0,0,0.00332225913621262,0.232558139534884,0.142857142857143,0,0,0.0332225913621262,0,0,0.0398671096345515,0,0.0764119601328904
58.705,0,0,0.0401234567901235,0,0.145061728395062,0,0,0.0154320987654321,0,0.037037037037037,0,0,0,0,0,0.114197530864198,0.00925925925925926,0,0.00617283950617284,0,0.0246913580246914,0,0,0,0,0.0339506172839506,0.00308641975308642,0,0.0185185185185185,0.0246913580246914,0.0154320987654321,0,0,0,0,0,0.00617283950617284,0.00308641975308642,0.0154320987654321,0.0277777777777778,0,0,0,0,0.00617283950617284,0,0.0277777777777778,0,0,0.00308641975308642,0,0.132716049382716,0.16358024691358,0.0123456790123457,0,0.0555555555555556,0,0,0.0216049382716049,0,0.037037037037037
58.8,0,0,0.0376175548589342,0,0.119122257053292,0,0,0,0,0.0626959247648903,0,0,0,0.00626959247648903,0.0125391849529781,0.0470219435736677,0.0250783699059561,0,0,0.0188087774294671,0.0407523510971787,0.0125391849529781,0,0.00940438871473354,0,0.00940438871473354,0,0,0,0.0470219435736677,0.0188087774294671,0.0125391849529781,0,0,0,0,0.0219435736677116,0,0,0.0188087774294671,0,0,0,0,0.0188087774294671,0.0156739811912226,0.0188087774294671,0,0,0,0.0501567398119122,0.0752351097178683,0.125391849529781,0.00940438871473354,0,0.0564263322884013,0,0,0.0532915360501567,0,0.0564263322884013
59.08,0,0,0.0580645161290323,0,0.112903225806452,0,0,0.00645161290322581,0,0.0451612903225806,0,0,0,0,0.032258064516129,0.0903225806451613,0.0580645161290323,0,0,0,0.0645161290322581,0,0,0,0,0.0129032258064516,0,0,0.0290322580645161,0.0806451612903226,0,0.0129032258064516,0,0,0,0.0032258064516129,0.00645161290322581,0,0,0.00967741935483871,0,0,0,0.0193548387096774,0.0258064516129032,0.0258064516129032,0.0193548387096774,0,0,0,0,0.0580645161290323,0.129032258064516,0.0032258064516129,0,0.00645161290322581,0,0,0.0516129032258065,0,0.0387096774193548
61.25,0,0,0.010989010989011,0,0.104395604395604,0,0,0.0164835164835165,0,0.0164835164835165,0,0,0.00549450549450549,0,0.010989010989011,0.00549450549450549,0.0137362637362637,0,0.0824175824175824,0,0.156593406593407,0,0,0,0.0576923076923077,0.0192307692307692,0.0192307692307692,0,0.010989010989011,0.0879120879120879,0.00549450549450549,0,0,0,0,0,0,0,0,0.0521978021978022,0,0,0.00274725274725275,0.0274725274725275,0.032967032967033,0.00274725274725275,0.010989010989011,0,0,0,0,0.0164835164835165,0.10989010989011,0.00549450549450549,0,0.0549450549450549,0.0164835164835165,0,0.00549450549450549,0,0.0384615384615385
61.345,0,0,0,0,0.0857988165680473,0,0,0.0118343195266272,0,0.0857988165680473,0,0,0,0,0.0118343195266272,0.0207100591715976,0.0029585798816568,0,0.0029585798816568,0,0.121301775147929,0.0118343195266272,0,0,0,0.0355029585798817,0.0118343195266272,0,0.00591715976331361,0.100591715976331,0,0,0,0,0,0,0,0,0.00591715976331361,0.0473372781065089,0,0,0.00591715976331361,0.0650887573964497,0.0502958579881657,0,0.00591715976331361,0,0,0,0.00887573964497041,0.103550295857988,0.109467455621302,0,0.0236686390532544,0.0207100591715976,0.014792899408284,0,0,0.0029585798816568,0.0266272189349112
61.44,0,0,0.00613496932515337,0,0.049079754601227,0,0,0,0,0.0429447852760736,0,0,0,0,0.0184049079754601,0.0736196319018405,0.00920245398773006,0,0.00306748466257669,0,0.0644171779141104,0.00920245398773006,0,0,0.00920245398773006,0.00306748466257669,0.0122699386503067,0,0.0122699386503067,0.0889570552147239,0.0306748466257669,0,0,0,0,0,0,0,0.00920245398773006,0.0276073619631902,0,0.00613496932515337,0,0.0582822085889571,0.0337423312883436,0.00306748466257669,0.0245398773006135,0.00920245398773006,0,0.00920245398773006,0,0.0705521472392638,0.156441717791411,0,0.0122699386503067,0.00613496932515337,0.0337423312883436,0,0.0644171779141104,0,0.0429447852760736
61.54,0,0,0.00657894736842105,0,0.0592105263157895,0,0,0.00657894736842105,0,0.0657894736842105,0,0,0,0,0,0.0690789473684211,0.0263157894736842,0,0,0.0131578947368421,0.0789473684210526,0,0,0.0131578947368421,0,0.00657894736842105,0.0197368421052632,0,0.0131578947368421,0.0789473684210526,0.00657894736842105,0.00657894736842105,0,0,0,0,0.00657894736842105,0,0,0.00328947368421053,0,0.0263157894736842,0,0.0197368421052632,0.0197368421052632,0.00328947368421053,0.00328947368421053,0,0.0131578947368421,0,0,0.131578947368421,0.151315789473684,0,0,0.0131578947368421,0.0197368421052632,0,0.0789473684210526,0,0.0394736842105263
61.63,0,0,0.0120481927710843,0,0.0783132530120482,0,0,0.0210843373493976,0,0.0662650602409639,0,0,0,0,0,0.0572289156626506,0.0180722891566265,0,0,0,0.0602409638554217,0.00301204819277108,0,0,0,0.0240963855421687,0.00602409638554217,0,0.00602409638554217,0.072289156626506,0.0240963855421687,0.0120481927710843,0,0,0,0,0.00602409638554217,0.00602409638554217,0,0.00602409638554217,0,0.0120481927710843,0,0.0542168674698795,0.0481927710843374,0.0120481927710843,0.0150602409638554,0,0,0,0,0.072289156626506,0.144578313253012,0.0120481927710843,0.0120481927710843,0.0120481927710843,0,0,0.072289156626506,0,0.0542168674698795
61.82,0,0,0,0,0.109510086455331,0,0,0,0,0.069164265129683,0,0,0,0,0,0.069164265129683,0.0230547550432277,0,0.00288184438040346,0,0.0634005763688761,0.0115273775216138,0,0,0,0.0518731988472622,0,0,0,0.0806916426512968,0,0,0,0,0,0,0,0,0,0,0,0,0,0.00576368876080692,0.0461095100864553,0.0230547550432277,0,0,0,0,0.0172910662824208,0.0893371757925072,0.144092219020173,0.0547550432276657,0.0230547550432277,0,0,0,0.0461095100864553,0,0.069164265129683
62.01,0,0,0,0,0.115168539325843,0,0,0,0.0308988764044944,0.0337078651685393,0,0,0,0,0,0.0365168539325843,0.0280898876404494,0,0.0112359550561798,0.0140449438202247,0.0617977528089888,0,0,0.00561797752808989,0.0112359550561798,0.0112359550561798,0.0365168539325843,0,0.0224719101123595,0.0561797752808989,0,0,0,0,0,0,0,0.00561797752808989,0,0.0196629213483146,0,0.00842696629213483,0.0140449438202247,0.00842696629213483,0.0561797752808989,0,0.00561797752808989,0.0140449438202247,0.00280898876404494,0,0.0252808988764045,0.0112359550561798,0.191011235955056,0.00561797752808989,0.0140449438202247,0.0112359550561798,0,0,0.0842696629213483,0,0.047752808988764
62.2,0,0,0.0132890365448505,0,0.12624584717608,0,0,0,0.0398671096345515,0.0564784053156146,0,0,0,0,0,0.053156146179402,0.026578073089701,0,0,0.00664451827242525,0.0863787375415282,0,0,0.0132890365448505,0.00664451827242525,0.00664451827242525,0,0,0,0.0697674418604651,0,0,0,0,0,0,0.0132890365448505,0,0,0.026578073089701,0,0,0,0.0598006644518272,0.053156146179402,0.0132890365448505,0.0132890365448505,0,0,0,0,0.00996677740863787,0.172757475083056,0,0.00332225913621262,0.00332225913621262,0,0,0.079734219269103,0,0.0465116279069767
62.39,0,0,0.0131632736489249,0,0.092142915542474,0,0.00617283950617284,0.00658163682446243,0,0.0658163682446243,0.00329081841223122,0,0,0,0,0.0263265472978497,0.00658163682446243,0,0.00658163682446243,0.0131632736489249,0.092142915542474,0,0,0.0131632736489249,0,0.00658163682446243,0,0,0.0131632736489249,0.0789796418935492,0,0,0,0,0,0,0,0,0,0.00658163682446243,0,0,0,0.092142915542474,0.0789796418935492,0.0131632736489249,0.0131632736489249,0,0,0,0,0.00987245523669365,0.184285831084948,0,0,0.00658163682446243,0.00987245523669365,0,0.0691071866568555,0,0.0723980050690868
62.48,0,0,0.0298913043478261,0,0.0842391304347826,0,0,0,0.0108695652173913,0.016304347826087,0,0,0.00543478260869565,0,0,0.0353260869565217,0.0271739130434783,0,0.0135869565217391,0.0625,0.0625,0,0,0,0,0,0.0244565217391304,0,0.00815217391304348,0.0733695652173913,0,0.0108695652173913,0,0,0,0.00271739130434783,0.0135869565217391,0.0190217391304348,0.00543478260869565,0.0407608695652174,0,0.0135869565217391,0,0.0407608695652174,0.0570652173913043,0,0,0.016304347826087,0.00271739130434783,0,0.0353260869565217,0.0244565217391304,0.127717391304348,0,0.016304347826087,0.0135869565217391,0,0,0.0597826086956522,0,0.046195652173913
64.09,0,0,0,0,0.093167701863354,0,0,0.0186335403726708,0,0.031055900621118,0,0,0.0062111801242236,0,0.0124223602484472,0,0.0372670807453416,0,0.0186335403726708,0.0062111801242236,0.0807453416149068,0,0,0.0124223602484472,0.0527950310559006,0,0.0341614906832298,0,0.0093167701863354,0.0900621118012422,0.015527950310559,0,0,0.0031055900621118,0,0,0.0031055900621118,0,0.0093167701863354,0.0496894409937888,0,0,0.0403726708074534,0.0434782608695652,0.015527950310559,0,0.0062111801242236,0,0.0124223602484472,0,0,0,0.130434782608696,0.0186335403726708,0.0186335403726708,0.0186335403726708,0.0093167701863354,0,0.0062111801242236,0,0.0962732919254658
64.185,0,0,0.0119047619047619,0,0.0803571428571428,0,0,0,0.0208333333333333,0.151785714285714,0,0,0,0,0.00892857142857143,0.0297619047619048,0,0.00297619047619048,0,0,0.0863095238095238,0.0119047619047619,0,0.0208333333333333,0.0238095238095238,0,0.00595238095238095,0,0.0148809523809524,0.0803571428571428,0.00595238095238095,0,0,0,0,0,0,0.00595238095238095,0.0148809523809524,0.0505952380952381,0,0,0,0.0327380952380952,0.0267857142857143,0.0208333333333333,0.00595238095238095,0.0208333333333333,0,0.00595238095238095,0.0119047619047619,0.0446428571428571,0.0833333333333333,0.00595238095238095,0.0386904761904762,0.0119047619047619,0.0148809523809524,0,0.00892857142857143,0.00595238095238095,0.0327380952380952
64.28,0,0,0.0171919770773639,0,0.0573065902578797,0,0,0,0,0.143266475644699,0.00286532951289398,0,0,0,0,0.0601719197707736,0.0143266475644699,0,0,0,0.137535816618911,0.00286532951289398,0,0.00286532951289398,0,0,0.00286532951289398,0,0.00286532951289398,0.137535816618911,0,0.00573065902578797,0,0,0,0,0.0114613180515759,0.00573065902578797,0,0.0573065902578797,0,0,0,0.0401146131805158,0.0372492836676218,0.00573065902578797,0,0.0229226361031519,0,0.00573065902578797,0.0286532951289398,0.0171919770773639,0.0744985673352436,0,0.00573065902578797,0,0,0,0.0372492836676218,0,0.0630372492836676
64.375,0,0,0,0,0.118598382749326,0,0,0,0.0161725067385445,0.0242587601078167,0.00539083557951483,0,0,0,0,0.00269541778975741,0.0134770889487871,0,0,0.0485175202156334,0.188679245283019,0.00269541778975741,0,0,0.00539083557951483,0,0.032345013477089,0,0.0134770889487871,0.123989218328841,0.00808625336927224,0,0,0,0,0,0.0161725067385445,0,0,0.0188679245283019,0,0,0,0.0161725067385445,0.0485175202156334,0,0,0.0188679245283019,0.00269541778975741,0,0.0619946091644205,0,0.078167115902965,0.00539083557951483,0.0188679245283019,0.00539083557951483,0,0,0.032345013477089,0,0.0727762803234501
64.47,0,0,0,0,0.0840579710144927,0,0,0,0,0.127536231884058,0,0,0,0,0.0115942028985507,0.00579710144927536,0.0289855072463768,0,0,0.00579710144927536,0.165217391304348,0.00579710144927536,0,0,0,0,0.0202898550724638,0,0.00869565217391304,0.130434782608696,0,0.00579710144927536,0,0,0,0,0.00579710144927536,0,0,0.12463768115942,0,0,0,0.0260869565217391,0.0289855072463768,0,0,0,0,0.00579710144927536,0.0115942028985507,0,0.0782608695652174,0.0202898550724638,0.00579710144927536,0.00579710144927536,0.0202898550724638,0,0.0173913043478261,0,0.0492753623188406
64.56,0,0,0.0112994350282486,0,0.0734463276836158,0,0,0,0,0.0706214689265537,0.0225988700564972,0,0,0.0112994350282486,0,0.0112994350282486,0.0254237288135593,0,0.00564971751412429,0.00564971751412429,0.203389830508475,0.00564971751412429,0,0,0.0112994350282486,0,0.00564971751412429,0,0.00282485875706215,0.127118644067797,0,0,0,0,0,0,0,0.00564971751412429,0,0.0649717514124294,0,0.00847457627118644,0.00282485875706215,0.0112994350282486,0.0621468926553672,0,0,0.0254237288135593,0.00282485875706215,0,0.0395480225988701,0,0.0677966101694915,0,0,0.0112994350282486,0,0,0.0564971751412429,0,0.0480225988700565
64.66,0,0,0.00980392156862745,0,0.0326797385620915,0,0,0,0,0.147058823529412,0.0065359477124183,0,0,0,0.0196078431372549,0.0065359477124183,0.00980392156862745,0,0.0065359477124183,0.0130718954248366,0.183006535947712,0.0065359477124183,0,0,0,0.0326797385620915,0.0065359477124183,0,0,0.156862745098039,0,0,0,0,0,0,0.0065359477124183,0,0,0.0882352941176471,0,0.00980392156862745,0.00980392156862745,0.0261437908496732,0.0457516339869281,0.00980392156862745,0,0.0130718954248366,0,0,0.0196078431372549,0,0.0686274509803922,0,0,0.0196078431372549,0,0,0,0,0.0457516339869281
64.75,0,0,0.0119760479041916,0,0.062874251497006,0,0,0,0,0.0479041916167665,0,0,0,0,0,0.00598802395209581,0.0119760479041916,0,0.029940119760479,0.0239520958083832,0.194610778443114,0.00598802395209581,0,0,0.029940119760479,0.00598802395209581,0.0209580838323353,0,0.029940119760479,0.119760479041916,0,0.0119760479041916,0,0,0,0.0029940119760479,0.0149700598802395,0,0,0.0568862275449102,0,0,0,0.029940119760479,0.0449101796407186,0,0.0209580838323353,0.00898203592814371,0,0,0.0119760479041916,0,0.0658682634730539,0,0,0,0,0,0.0538922155688623,0,0.0748502994011976
64.94,0,0,0.0325732899022801,0,0.0781758957654723,0,0,0,0.00325732899022801,0.0618892508143322,0,0,0,0,0,0.0195439739413681,0.00651465798045603,0,0,0.0390879478827362,0.120521172638436,0,0,0,0.0195439739413681,0.0195439739413681,0,0,0.0130293159609121,0.127035830618893,0,0,0,0,0,0,0,0,0,0.0390879478827362,0,0,0,0.0912052117263843,0.0293159609120521,0.0130293159609121,0.00651465798045603,0,0.0130293159609121,0.0130293159609121,0.00651465798045603,0,0.0651465798045603,0.0130293159609121,0,0.00977198697068404,0.00977198697068404,0,0.0195439739413681,0,0.130293159609121
65.04,0,0,0.0398671096345515,0,0.0730897009966777,0,0,0,0,0.0830564784053156,0.0132890365448505,0,0,0,0,0.0199335548172757,0.00664451827242525,0,0,0.0332225913621262,0.12624584717608,0,0,0,0.00996677740863787,0.00996677740863787,0.0232558139534884,0,0,0.106312292358804,0,0.0166112956810631,0,0,0,0,0.00664451827242525,0,0,0.0498338870431894,0,0,0,0.0465116279069767,0.026578073089701,0.0199335548172757,0.0332225913621262,0,0,0.0132890365448505,0,0,0.079734219269103,0.00332225913621262,0,0.0132890365448505,0.00664451827242525,0,0.0299003322259136,0,0.109634551495017
67.03,0,0,0.314516129032258,0.0161290322580645,0.161290322580645,0,0,0,0,0,0,0,0,0,0,0.153225806451613,0.0967741935483871,0,0,0,0,0,0,0,0,0,0,0,0,0.0483870967741935,0,0,0,0,0,0,0.00806451612903226,0,0,0,0,0,0,0,0,0,0.112903225806452,0,0,0,0,0,0,0.0483870967741935,0,0.0403225806451613,0,0,0,0,0
69.74,0,0,0,0,0.0613333333333333,0,0,0,0,0.125333333333333,0.00266666666666667,0,0.00533333333333333,0,0.0106666666666667,0,0.0213333333333333,0,0,0.056,0.016,0.00266666666666667,0,0.0613333333333333,0.0213333333333333,0.00533333333333333,0.064,0.0293333333333333,0,0.008,0.0186666666666667,0.0106666666666667,0,0,0,0,0.00533333333333333,0,0,0,0,0,0,0.016,0.0293333333333333,0,0.00533333333333333,0.008,0,0,0.0586666666666667,0,0.189333333333333,0.0106666666666667,0.04,0.0586666666666667,0,0,0.00533333333333333,0,0.0533333333333333
69.84,0,0,0.0122324159021407,0,0.0305810397553517,0,0,0.0458715596330275,0,0.0519877675840979,0,0,0,0,0,0.00305810397553517,0.00305810397553517,0,0.00611620795107034,0.0458715596330275,0.0244648318042813,0,0,0.0152905198776758,0.0244648318042813,0,0.0305810397553517,0.0275229357798165,0.0152905198776758,0.0305810397553517,0.100917431192661,0.018348623853211,0,0,0,0.00305810397553517,0,0,0.00611620795107034,0.0214067278287462,0,0.00305810397553517,0.0152905198776758,0.0214067278287462,0.0275229357798165,0,0.0519877675840979,0,0,0,0.0458715596330275,0,0.0917431192660551,0,0.0152905198776758,0.073394495412844,0.00917431192660551,0.055045871559633,0.00611620795107034,0,0.0672782874617737
70.04,0,0.009375,0.032625374251497,0,0.0296594311377246,0,0,0,0.0385572604790419,0.0177956586826347,0,0.0177956586826347,0,0,0,0,0.0177956586826347,0,0,0.0563529191616766,0.0296594311377246,0,0,0,0.0237275449101796,0,0.0266934880239521,0.0148297155688623,0.0237275449101796,0.0444891467065868,0.121603667664671,0.0118637724550898,0,0,0,0,0.0177956586826347,0,0,0.0741485778443114,0,0,0.0207616017964072,0.0118637724550898,0.0504210329341317,0,0.00593188622754491,0.00593188622754491,0.00296594311377246,0,0.103808008982036,0,0.0682166916167665,0.00593188622754491,0.0148297155688623,0.0622848053892216,0,0,0,0,0.0385572604790419
72.35,0,0,0.0496688741721854,0.00662251655629139,0.076158940397351,0,0,0,0.0165562913907285,0.0231788079470199,0,0,0,0,0.0033112582781457,0.0562913907284768,0.0298013245033113,0,0,0.0529801324503311,0.0165562913907285,0,0,0,0.0231788079470199,0,0.0728476821192053,0,0.0165562913907285,0.0629139072847682,0.033112582781457,0.0132450331125828,0,0,0,0,0.0264900662251656,0,0,0.0529801324503311,0,0,0.00993377483443709,0.00993377483443709,0.0231788079470199,0.0132450331125828,0.0165562913907285,0,0,0,0.0728476821192053,0,0.0596026490066225,0.0264900662251656,0.0132450331125828,0.0596026490066225,0,0,0.00993377483443709,0,0.0529801324503311
72.55,0,0,0.00934579439252336,0,0.0841121495327103,0,0,0.0155763239875389,0.0155763239875389,0.0404984423676012,0.00623052959501558,0,0.00934579439252336,0,0.00623052959501558,0,0.0373831775700935,0,0.0186915887850467,0.0716510903426791,0,0.00311526479750779,0,0,0.0467289719626168,0.0186915887850467,0.0934579439252336,0,0.0560747663551402,0.0623052959501558,0.0124610591900312,0.00311526479750779,0,0,0,0,0.00623052959501558,0,0.00623052959501558,0.0218068535825545,0,0.00623052959501558,0.0186915887850467,0.0249221183800623,0.0124610591900312,0.0186915887850467,0.0155763239875389,0,0,0,0.0342679127725857,0.00623052959501558,0.0218068535825545,0.0155763239875389,0.0155763239875389,0.0467289719626168,0.0249221183800623,0.0218068535825545,0.0186915887850467,0,0.0529595015576324
72.85,0,0,0,0,0.0739644970414201,0,0,0,0.0798816568047337,0.00887573964497041,0,0,0,0,0,0.00591715976331361,0.00887573964497041,0,0,0.127218934911243,0,0,0,0,0.0207100591715976,0.00887573964497041,0.0946745562130177,0,0.0266272189349112,0.0680473372781065,0,0.00591715976331361,0,0,0,0,0.00591715976331361,0,0,0.0887573964497042,0,0.00591715976331361,0.0591715976331361,0,0.0562130177514793,0,0.0236686390532544,0,0.0029585798816568,0.00887573964497041,0.0236686390532544,0,0.109467455621302,0,0.0207100591715976,0.0355029585798817,0,0,0.00591715976331361,0,0.0236686390532544
73.05,0,0,0,0,0.0740740740740741,0,0,0,0.0555555555555556,0.0308641975308642,0,0,0,0,0.0493827160493827,0.0493827160493827,0.00925925925925926,0,0,0.0987654320987654,0,0,0,0.0246913580246914,0.0493827160493827,0,0.0679012345679012,0,0,0.0493827160493827,0,0.00308641975308642,0,0,0,0,0.0123456790123457,0,0,0.0185185185185185,0,0,0.037037037037037,0.0308641975308642,0.0493827160493827,0.0185185185185185,0.058641975308642,0,0,0.0123456790123457,0,0,0.0987654320987654,0,0.00925925925925926,0.0185185185185185,0,0,0.0246913580246914,0,0.0493827160493827
73.45,0.00993377483443709,0,0.0264900662251656,0,0.0794701986754967,0,0,0.00662251655629139,0.0529801324503311,0.043046357615894,0,0,0,0,0.0463576158940397,0.0397350993377483,0.0298013245033113,0,0,0.0662251655629139,0,0,0,0.00662251655629139,0.076158940397351,0,0.076158940397351,0,0.0033112582781457,0.033112582781457,0,0.0264900662251656,0,0,0,0,0.0033112582781457,0,0,0.0529801324503311,0,0,0.0264900662251656,0.0132450331125828,0.0264900662251656,0,0.0397350993377483,0.0033112582781457,0.00662251655629139,0.0033112582781457,0.0165562913907285,0,0.0860927152317881,0,0.00662251655629139,0.0132450331125828,0,0,0.033112582781457,0,0.0463576158940397
75.81,0,0,0,0,0.0651162790697674,0,0,0,0.0558139534883721,0.0302325581395349,0.00465116279069767,0,0,0,0.0813953488372093,0,0.0488372093023256,0,0,0.0534883720930233,0,0,0,0.0209302325581395,0.0930232558139535,0,0.00930232558139535,0,0,0.0209302325581395,0,0.00465116279069767,0,0,0,0,0.00465116279069767,0,0.00465116279069767,0.0325581395348837,0,0.00465116279069767,0.0162790697674419,0.00465116279069767,0.00930232558139535,0,0.127906976744186,0.00697674418604651,0,0.00465116279069767,0.0627906976744186,0,0.0930232558139535,0.00465116279069767,0.0116279069767442,0.0232558139534884,0,0,0.0581395348837209,0,0.0418604651162791
75.91,0,0,0.00574712643678161,0,0.0574712643678161,0,0,0,0,0.109195402298851,0.0028735632183908,0,0.0028735632183908,0,0.0689655172413793,0.00574712643678161,0.0172413793103448,0,0,0.0344827586206897,0,0.00574712643678161,0,0.0344827586206897,0.0632183908045977,0,0.0172413793103448,0,0.0028735632183908,0.0172413793103448,0,0.0172413793103448,0,0,0,0,0.0229885057471264,0,0,0.0689655172413793,0,0.00862068965517241,0.0344827586206897,0.0344827586206897,0.0488505747126437,0,0.0402298850574713,0.0114942528735632,0,0.0316091954022989,0,0,0.140804597701149,0,0.0114942528735632,0.0172413793103448,0.0201149425287356,0,0.00574712643678161,0,0.0402298850574713
76,0,0,0.0113314447592068,0,0.0594900849858357,0,0,0.0113314447592068,0.0169971671388102,0.0651558073654391,0,0,0.0028328611898017,0,0.0424929178470255,0.0028328611898017,0.0141643059490085,0,0,0.0594900849858357,0,0.0028328611898017,0,0.0651558073654391,0.0821529745042493,0,0.0084985835694051,0,0.0169971671388102,0.0424929178470255,0.0028328611898017,0,0,0,0,0,0.0141643059490085,0,0,0.0311614730878187,0,0,0.0509915014164306,0.0509915014164306,0.056657223796034,0,0.0509915014164306,0,0,0.0198300283286119,0,0.0028328611898017,0.0821529745042493,0.0169971671388102,0,0.0113314447592068,0.0198300283286119,0.0481586402266289,0.0056657223796034,0,0.0311614730878187
76.1,0,0,0.00591715976331361,0,0.112426035502959,0,0,0,0,0.0710059171597633,0,0,0,0,0.144970414201183,0,0.00591715976331361,0,0,0.0207100591715976,0,0,0,0.0207100591715976,0.0917159763313609,0,0.0207100591715976,0,0,0.0266272189349112,0,0,0,0,0,0,0.0118343195266272,0,0,0.124260355029586,0,0.0118343195266272,0.00591715976331361,0.00887573964497041,0.0532544378698225,0.00591715976331361,0.0650887573964497,0.00887573964497041,0,0.0236686390532544,0.0355029585798817,0,0.0591715976331361,0,0,0.0118343195266272,0.00591715976331361,0.00591715976331361,0.0177514792899408,0,0.0236686390532544
76.19,0,0,0,0,0.0620915032679739,0,0,0.0065359477124183,0.0392156862745098,0.065359477124183,0,0,0,0,0.0457516339869281,0,0.0163398692810458,0,0,0.0196078431372549,0,0,0,0.0686274509803922,0.0620915032679739,0,0.0196078431372549,0,0.0130718954248366,0.0392156862745098,0,0.0065359477124183,0,0,0,0,0.0065359477124183,0,0.00326797385620915,0.0392156862745098,0,0.0065359477124183,0.0359477124183007,0.0228758169934641,0.0751633986928105,0,0.0490196078431373,0,0,0.0261437908496732,0.0065359477124183,0,0.104575163398693,0.0130718954248366,0,0.0130718954248366,0.0490196078431373,0.0359477124183007,0.00980392156862745,0,0.0392156862745098
76.29,0,0,0,0,0.0838709677419355,0,0,0,0,0.0838709677419355,0,0,0,0,0.0451612903225806,0,0.00967741935483871,0,0.00645161290322581,0.0193548387096774,0,0,0,0.032258064516129,0.0903225806451613,0,0.0032258064516129,0,0.00645161290322581,0.00645161290322581,0,0.0258064516129032,0,0,0,0,0.00645161290322581,0,0,0.148387096774194,0,0.00967741935483871,0.0290322580645161,0.0225806451612903,0.0709677419354839,0,0.0354838709677419,0,0,0.0193548387096774,0.0129032258064516,0,0.0967741935483871,0,0,0.00967741935483871,0.00645161290322581,0.00967741935483871,0.0258064516129032,0,0.0838709677419355
76.48,0.00280898876404494,0,0,0,0.132022471910112,0,0,0,0.00842696629213483,0.109550561797753,0,0,0,0,0.0365168539325843,0.00561797752808989,0.00561797752808989,0,0,0.0224719101123595,0,0,0,0.0533707865168539,0.0308988764044944,0,0.0112359550561798,0,0.00280898876404494,0.0617977528089888,0,0.00842696629213483,0,0,0,0,0,0,0,0.143258426966292,0,0.0168539325842697,0.0168539325842697,0.0112359550561798,0.0449438202247191,0.0224719101123595,0.0674157303370786,0.0112359550561798,0,0.0196629213483146,0.00842696629213483,0,0.0674157303370786,0,0,0.0393258426966292,0,0,0.0112359550561798,0,0.0280898876404494
76.67,0,0,0,0,0.0538243626062323,0,0,0,0,0.13314447592068,0,0,0.0028328611898017,0,0.0481586402266289,0,0.0056657223796034,0,0,0.0623229461756374,0,0,0,0.0594900849858357,0.113314447592068,0,0.0113314447592068,0,0.0056657223796034,0.0453257790368272,0,0.0056657223796034,0,0,0,0,0.0056657223796034,0,0,0.118980169971671,0,0.0198300283286119,0.0056657223796034,0.0084985835694051,0.0764872521246459,0,0.0311614730878187,0.0056657223796034,0,0,0,0,0.141643059490085,0,0,0.0056657223796034,0,0,0.0056657223796034,0,0.028328611898017
76.765,0,0,0,0,0.0572207084468665,0,0,0.00544959128065395,0.0163487738419619,0.0381471389645777,0,0,0,0,0.0653950953678474,0,0.0136239782016349,0,0,0.125340599455041,0,0,0,0.0544959128065395,0.163487738419619,0,0.0163487738419619,0,0,0.0136239782016349,0,0.00544959128065395,0,0,0,0,0.00544959128065395,0,0,0.0599455040871935,0,0.00272479564032698,0.0217983651226158,0.00817438692098093,0.0408719346049046,0,0.0326975476839237,0,0,0.0163487738419619,0,0,0.136239782016349,0.0163487738419619,0,0.0272479564032698,0.00544959128065395,0.0136239782016349,0.0108991825613079,0,0.0272479564032698
76.86,0,0,0,0,0.0238726790450928,0,0,0,0.0185676392572944,0.0928381962864721,0,0,0,0,0.106100795755968,0,0.0212201591511936,0,0,0.0663129973474801,0,0,0,0.0291777188328912,0.0371352785145889,0,0.0344827586206897,0,0,0.0106100795755968,0.0026525198938992,0.00795755968169761,0,0,0,0,0.0026525198938992,0,0,0.119363395225464,0,0,0.0450928381962865,0.0238726790450928,0.0583554376657825,0,0.0212201591511936,0,0,0.0159151193633952,0,0,0.137931034482759,0.00530503978779841,0,0.0238726790450928,0,0.0344827586206897,0.013262599469496,0,0.0477453580901857
76.96,0,0,0,0,0.0498442367601246,0,0,0,0,0.0716510903426791,0,0,0,0,0.118380062305296,0,0.00623052959501558,0,0,0.0872274143302181,0,0,0,0.0560747663551402,0.0467289719626168,0,0.0654205607476635,0,0,0.0124610591900312,0,0.0155763239875389,0,0,0,0,0,0,0,0.143302180685358,0,0.00623052959501558,0.0280373831775701,0,0.059190031152648,0,0.0249221183800623,0,0,0.0249221183800623,0,0,0.0747663551401869,0,0,0.0373831775700935,0.00623052959501558,0.00934579439252336,0.00623052959501558,0,0.0498442367601246
77.15,0,0,0,0,0.0466666666666667,0,0,0,0,0.0733333333333333,0,0,0,0,0.12,0,0.0133333333333333,0,0,0.1,0,0,0,0.04,0.0666666666666667,0,0.0733333333333333,0,0,0.0433333333333333,0,0.0133333333333333,0,0,0,0,0.00333333333333333,0,0,0.16,0,0.00666666666666667,0.0133333333333333,0.00666666666666667,0.0133333333333333,0,0.04,0,0,0.00666666666666667,0,0,0.0666666666666667,0,0,0.04,0,0.00333333333333333,0.00333333333333333,0,0.0466666666666667
77.34,0,0,0,0,0.0383386581469649,0,0,0.0191693290734824,0,0.0575079872204473,0.00958466453674121,0,0,0,0.137380191693291,0.00958466453674121,0.00958466453674121,0,0,0.10223642172524,0,0,0,0.0766773162939297,0.0575079872204473,0,0.00958466453674121,0,0.0351437699680511,0.0255591054313099,0,0.00958466453674121,0,0.00638977635782748,0,0.00319488817891374,0,0.00638977635782748,0.00958466453674121,0.0351437699680511,0,0.0191693290734824,0.0415335463258786,0.0223642172523962,0.0159744408945687,0,0.0670926517571885,0,0,0.0159744408945687,0,0,0.0511182108626198,0.00638977635782748,0.00319488817891374,0.0159744408945687,0.0191693290734824,0.0159744408945687,0.00319488817891374,0,0.0447284345047923
77.53,0,0,0.0118694362017804,0,0.029673590504451,0,0,0,0.0178041543026706,0.0949554896142433,0,0,0,0,0.0949554896142433,0,0.0118694362017804,0,0,0.118694362017804,0,0,0,0.0237388724035608,0.0652818991097923,0,0.0474777448071217,0,0,0.0237388724035608,0,0,0,0,0,0,0.0118694362017804,0.00593471810089021,0,0.142433234421365,0.00593471810089021,0.0682492581602374,0.0237388724035608,0,0.0118694362017804,0,0.0237388724035608,0,0,0.0237388724035608,0.0118694362017804,0,0.0949554896142433,0,0,0,0,0,0.0118694362017804,0,0.0237388724035608
78.1,0,0,0.0363636363636364,0,0.0545454545454545,0,0,0,0.0303030303030303,0.0484848484848485,0,0,0,0,0.0909090909090909,0.0484848484848485,0.0121212121212121,0,0,0.0696969696969697,0,0.00303030303030303,0,0.0181818181818182,0.0545454545454545,0,0.0151515151515152,0,0,0.0484848484848485,0,0.0181818181818182,0,0,0,0,0,0,0,0.1,0,0.0545454545454545,0.0272727272727273,0,0,0,0.0272727272727273,0,0.00303030303030303,0.0242424242424242,0,0,0.103030303030303,0,0,0.0333333333333333,0,0.0121212121212121,0.0121212121212121,0,0.0545454545454545
78.29,0,0,0.0194174757281553,0,0.0453074433656958,0,0,0,0,0.0938511326860841,0,0,0,0,0.0841423948220065,0.0388349514563107,0,0,0,0.0970873786407767,0,0.00323624595469256,0,0.0453074433656958,0.0258899676375405,0,0.029126213592233,0,0,0.0388349514563107,0,0.0258899676375405,0,0,0,0,0.00647249190938511,0,0,0.0906148867313916,0,0.0809061488673139,0.0453074433656958,0.0226537216828479,0,0,0.00647249190938511,0,0,0.0226537216828479,0,0,0.103559870550162,0.00647249190938511,0,0,0,0.029126213592233,0,0,0.0388349514563107
79.23,0.0026246719160105,0,0,0,0.020997375328084,0,0,0,0.015748031496063,0.115485564304462,0.0026246719160105,0,0.0026246719160105,0,0.0813648293963254,0.0026246719160105,0.005249343832021,0,0,0.146981627296588,0,0.005249343832021,0,0.0288713910761155,0.0078740157480315,0,0.0026246719160105,0,0,0.0236220472440945,0,0.020997375328084,0,0,0,0,0.010498687664042,0,0,0.162729658792651,0,0.083989501312336,0.031496062992126,0.031496062992126,0.015748031496063,0.0026246719160105,0.015748031496063,0.0026246719160105,0,0.015748031496063,0,0,0.125984251968504,0,0.005249343832021,0,0,0.005249343832021,0,0,0.005249343832021
79.33,0,0,0.00625,0,0.009375,0,0,0.021875,0,0.15,0,0,0.003125,0,0.040625,0,0.003125,0,0,0.14375,0,0.00625,0,0.01875,0.00625,0,0.00625,0,0.015625,0.040625,0,0.009375,0,0,0,0,0,0,0,0.08125,0,0.0875,0.128125,0.03125,0.009375,0,0.009375,0,0.003125,0.00625,0,0,0.040625,0.015625,0.009375,0.009375,0.046875,0.015625,0,0,0.025
79.425,0,0,0,0,0.0062111801242236,0,0,0,0.031055900621118,0.0869565217391304,0.0031055900621118,0,0,0,0.130434782608696,0.0031055900621118,0,0,0,0.164596273291925,0,0.0031055900621118,0,0.0279503105590062,0.0496894409937888,0,0.0403726708074534,0,0,0.0217391304347826,0,0,0,0,0,0,0,0,0,0.183229813664596,0,0.0248447204968944,0.0434782608695652,0.0093167701863354,0.0062111801242236,0,0,0,0.0062111801242236,0.0124223602484472,0,0,0.102484472049689,0.0031055900621118,0.0062111801242236,0.0062111801242236,0,0.0124223602484472,0,0,0.015527950310559
79.52,0,0,0.00284090909090909,0,0.0227272727272727,0,0,0,0.0511363636363636,0.0284090909090909,0,0,0,0,0.0454545454545455,0,0.00284090909090909,0,0,0.224431818181818,0,0,0,0.0170454545454545,0.125,0,0.0170454545454545,0,0,0.0340909090909091,0,0.0113636363636364,0,0,0,0,0.00284090909090909,0,0,0.0596590909090909,0,0.0284090909090909,0.0852272727272727,0.0142045454545455,0.0170454545454545,0,0.0142045454545455,0,0.00284090909090909,0.0227272727272727,0.03125,0,0.105113636363636,0,0.00852272727272727,0.00852272727272727,0,0.00568181818181818,0,0,0.0113636363636364
79.615,0,0,0.00647249190938511,0,0.0129449838187702,0,0,0,0.0517799352750809,0.0711974110032362,0,0,0,0,0.116504854368932,0,0.00647249190938511,0,0,0.255663430420712,0,0,0,0.0129449838187702,0.0420711974110032,0,0.0647249190938511,0,0.00647249190938511,0.0194174757281553,0,0.00647249190938511,0,0,0,0,0.00647249190938511,0,0,0.129449838187702,0,0.0420711974110032,0.0194174757281553,0.00323624595469256,0.00647249190938511,0,0.0129449838187702,0.00323624595469256,0,0.00323624595469256,0,0,0.0550161812297735,0,0.0129449838187702,0.00647249190938511,0,0.00647249190938511,0.00647249190938511,0,0.0129449838187702
79.71,0,0,0.0114285714285714,0,0,0,0,0,0.0114285714285714,0.0742857142857143,0,0,0,0,0.0914285714285714,0.00285714285714286,0,0,0,0.277142857142857,0,0,0,0.0228571428571429,0.0657142857142857,0,0.0714285714285714,0,0.00285714285714286,0.0142857142857143,0,0.0114285714285714,0,0,0,0,0.00571428571428571,0,0,0.0857142857142857,0,0.0371428571428571,0.0257142857142857,0.00285714285714286,0.0114285714285714,0,0.0114285714285714,0.00285714285714286,0,0.0171428571428571,0,0,0.108571428571429,0,0.00571428571428571,0,0,0.0114285714285714,0,0,0.0171428571428571
79.81,0,0,0.0676870350897691,0.00615336682634264,0.0123067336526853,0,0,0,0.0953771858083109,0.0276901507185419,0,0,0,0,0.00615336682634264,0.0461502511975698,0.0153834170658566,0,0,0.206137788682479,0,0,0,0.0307668341317132,0.0707637185029404,0,0.0338435175448845,0,0.0184601004790279,0.00923005023951396,0,0.00615336682634264,0,0.00315457413249211,0,0,0,0,0,0.0153834170658566,0,0,0.00307668341317132,0.0123067336526853,0.00615336682634264,0,0.086147135568797,0,0,0.0246134673053706,0.0707637185029404,0,0.0492269346107411,0.0184601004790279,0.0123067336526853,0.0123067336526853,0,0,0.00307668341317132,0,0.0307668341317132
83.42,0,0,0.00619195046439629,0.00619195046439629,0.0588235294117647,0,0,0,0.0278637770897833,0.0247678018575851,0,0,0,0,0.0247678018575851,0.00928792569659443,0.00928792569659443,0,0,0.123839009287926,0,0,0,0.0495356037151703,0.021671826625387,0,0.0185758513931889,0,0,0.0309597523219814,0,0.00619195046439629,0,0,0,0,0,0.00619195046439629,0,0.13312693498452,0.00619195046439629,0.108359133126935,0.0340557275541796,0.00928792569659443,0.0123839009287926,0,0.0278637770897833,0.00619195046439629,0.00619195046439629,0.0340557275541796,0.0371517027863777,0,0.0712074303405573,0.00928792569659443,0.0185758513931889,0.00928792569659443,0.00619195046439629,0.0278637770897833,0,0,0.0185758513931889
83.8,0,0,0.00634920634920635,0,0,0,0,0.00952380952380952,0,0.0952380952380952,0.00952380952380952,0,0,0,0.0761904761904762,0,0.00634920634920635,0.00317460317460317,0.00317460317460317,0.136507936507936,0,0,0,0.0603174603174603,0.00317460317460317,0,0.00952380952380952,0,0.0222222222222222,0.019047619047619,0,0.00634920634920635,0.00317460317460317,0,0,0,0,0,0,0.0253968253968254,0.00317460317460317,0.0698412698412698,0.0888888888888889,0.0634920634920635,0.0158730158730159,0.00317460317460317,0.019047619047619,0,0,0.0349206349206349,0,0,0.0634920634920635,0.00952380952380952,0.00952380952380952,0.00634920634920635,0.019047619047619,0.0476190476190476,0.00317460317460317,0,0.0476190476190476
83.895,0,0,0,0,0.0316455696202532,0,0,0,0.0759493670886076,0.0886075949367088,0,0,0,0,0.0632911392405063,0.00632911392405063,0.00632911392405063,0,0,0.20253164556962,0,0.00316455696202532,0,0.0411392405063291,0.0221518987341772,0,0.0126582278481013,0,0.00316455696202532,0.0221518987341772,0,0.00632911392405063,0,0,0,0,0.00632911392405063,0,0,0.15506329113924,0,0.0221518987341772,0.00949367088607595,0.0158227848101266,0.0126582278481013,0.00316455696202532,0.00949367088607595,0.00949367088607595,0,0.0253164556962025,0,0,0.0443037974683544,0,0.0253164556962025,0.0126582278481013,0,0.0379746835443038,0.0126582278481013,0,0.0126582278481013
83.99,0,0,0,0,0.0162162162162162,0,0,0,0.072972972972973,0.0216216216216216,0,0.00540540540540541,0,0,0.0540540540540541,0,0,0,0,0.178378378378378,0,0.00540540540540541,0,0.0432432432432432,0.0675675675675676,0,0.00810810810810811,0,0.0108108108108108,0.0162162162162162,0,0.0162162162162162,0,0,0,0,0.0162162162162162,0.00540540540540541,0,0.102702702702703,0,0.00540540540540541,0.0378378378378378,0.0405405405405405,0.0216216216216216,0,0.0324324324324324,0,0.00540540540540541,0.0162162162162162,0.0162162162162162,0,0.0648648648648649,0.0108108108108108,0.0432432432432432,0.0162162162162162,0,0.027027027027027,0,0.0027027027027027,0.0189189189189189
